"scholar_id","name_tr","name_original","name_en","birth_ce","death_ce","birth_place","active_place","lat","lon","field","sub_field","dynasty_id_patron","major_work_tr","major_work_en","significance","notes","narrative_tr","narrative_en","contribution_tr","contribution_en","intellectual_context_tr","influence_chain_tr","patron_relation_tr"
"1","İmam Ebû Hanîfe","Abū Ḥanīfa al-Nuʿmān","Abu Hanifa","699","767","Kûfe","Kûfe/Bağdat","32.62","44.42","Fıkıh","Hanefi Mezhebi","2","el-Fıkhu'l-Ekber","Al-Fiqh al-Akbar","Kritik","Hanefî mezhebinin kurucusu; İslam hukukunun sistemleştirilmesi","Ebû Hanîfe, İslam hukukunu bireysel görüşlerden sistematik bir ilme dönüştüren ilk büyük fakihtir. Kûfe'nin kozmopolit ortamında yetişerek kıyas ve istihsan gibi esnek yöntemler geliştirdi. Nassların lafzına sıkı bağlanan yaklaşımlardan farklı olarak hukukun toplumsal gerçekliğe uyum sağlaması gerektiğini savundu. Hanefî mezhebi bugün dünya müslümanlarının en büyük bölümünün takip ettiği hukuk ekolüdür.","Abu Hanifa was the first great jurist to transform Islamic law from individual opinions into a systematic science. Raised in cosmopolitan Kufa, he developed flexible methods like qiyas (analogy) and istihsan (juristic preference). Unlike approaches strictly bound to literal text, he argued law must adapt to social reality. The Hanafi school is today followed by the largest portion of the world's Muslims.","Kıyas ve istihsan metodolojisini geliştirerek İslam hukukuna sistematik akıl yürütme geleneğini kazandırdı.","He introduced systematic reasoning to Islamic jurisprudence through qiyas and istihsan methodology.","Kûfe'nin çok kültürlü ortamında, Sâsânî hukuk geleneği ve Roma hukuk mirasının dolaylı etkisi altında çalıştı.","İbrâhim en-Nehaî → Hammâd b. Ebî Süleymân → Ebû Hanîfe → Ebû Yûsuf → İmam Muhammed → Osmanlı Kanunnameleri","Abbâsî halifesi Mansûr'un kadılık teklifini reddederek hapsedildi."
"2","İmam Mâlik b. Enes","Mālik b. Anas","Malik ibn Anas","711","795","Medine","Medine","24.47","39.61","Fıkıh","Maliki Mezhebi","3","el-Muvatta'","Al-Muwatta","Kritik","Mâlikî mezhebinin kurucusu; ilk büyük hadis derlemesi","İmam Mâlik, Medine'de Hz. Peygamber'in yaşadığı şehrin canlı geleneğini hukukun temel kaynağı olarak savunan büyük fakih ve hadisçidir. el-Muvatta' hem bir hadis derlemesi hem fıkıh kitabıdır ve İslam'ın en erken sistematik hukuk metnidir. Medine halkının uygulamasını yazılı hadislerle eşdeğer kaynak kabul ederek 'yaşayan sünnet' kavramını geliştirdi. Mâlikî mezhebi Kuzey ve Batı Afrika'nın baskın hukuk ekolüdür.","Imam Malik championed the living tradition of Medina as a fundamental source of law. His al-Muwatta is both a hadith collection and jurisprudence text — Islam's earliest systematic legal work. He developed the concept of 'living sunnah' by treating Medinan practice as equivalent to written hadith. The Maliki school is the dominant legal school of North and West Africa.","el-Muvatta' ile hadis ve fıkhı tek eserde sentezleyen ilk kapsamlı hukuk metnini yazdı.","He wrote the first comprehensive legal text synthesizing hadith and jurisprudence in a single work.","Hz. Peygamber'in şehrinde, Sahâbe ve Tâbiîn'in canlı geleneğinin hâlâ yaşadığı Medine'de yetişti.","Nâfi' (İbn Ömer'in azatlısı) → İmam Mâlik → İmam Şâfiî → Kuzey Afrika İslam hukuk geleneği","Abbâsî halifesi Mansûr ile ihtilafa düşerek kırbaçlandı; buna rağmen görüşünden dönmedi."
"3","İmam Şâfiî","Muḥammad b. Idrīs al-Shāfiʿī","Al-Shafi'i","767","820","Gazze","Kahire","30.04","31.24","Fıkıh","Şafii Mezhebi","3","er-Risâle","Al-Risala","Kritik","Şâfiî mezhebinin kurucusu; usûl-i fıkh'ın sistemleştiricisi","İmam Şâfiî, İslam hukuk metodolojisinin (usûl-i fıkıh) kurucusudur. er-Risâle ile hukuki karar verme sürecinin kurallarını ilk kez sistematik olarak ortaya koydu: Kur'ân, Sünnet, icmâ ve kıyası hiyerarşik kaynak sistemi olarak düzenledi. Gazze'de doğan, Mekke'de Arapça öğrenen, Medine'de İmam Mâlik'ten okuyan ve Mısır'da vefat eden Şâfiî, İslam'ın kozmopolit entelektüel ağının somut örneğidir.","Al-Shafi'i was the founder of Islamic legal methodology (usul al-fiqh). In al-Risala he systematically laid out the rules of legal decision-making, organizing Quran, Sunnah, ijma, and qiyas into a hierarchical source system. Born in Gaza, learning Arabic in Mecca, studying under Malik in Medina, and dying in Egypt, he exemplified the cosmopolitan intellectual network of Islam.","er-Risâle ile İslam hukuk metodolojisini kurumsallaştırdı ve dört temel kaynağı hiyerarşik sistem olarak düzenledi.","He institutionalized Islamic legal methodology through al-Risala, organizing four fundamental sources into a hierarchical system.","İmam Mâlik'ten Medine'de, ardından Irak Hanefî geleneğinden öğrendi; Mısır'da kendi ekolünü oluşturdu.","İmam Mâlik → İmam Şâfiî → İmam Ahmed b. Hanbel → Usûl-i fıkıh geleneği","Bağımsız bir âlim olarak yaşadı; halifelerle doğrudan patronaj ilişkisi kurmadı."
"4","İmam Ahmed b. Hanbel","Aḥmad b. Ḥanbal","Ahmad ibn Hanbal","780","855","Bağdat","Bağdat","33.31","44.37","Fıkıh","Hanbeli Mezhebi","3","el-Müsned","Al-Musnad","Kritik","Hanbelî mezhebinin kurucusu; Mihne'ye direndi","Ahmed b. Hanbel, İslam tarihinin en önemli direniş sembollerinden biridir. Halife Me'mûn'un 'Kur'ân mahlûktur' doktrinini dayattığı Mihne döneminde işkenceye rağmen görüşünden dönmedi. el-Müsned adlı eseri 30.000'den fazla hadis içeren devasa bir derlemedir. Hanbelî mezhebi İbn Teymiyye ve Vehhâbî hareketi üzerinden modern İslam düşüncesini derinden etkiledi.","Ahmad ibn Hanbal was one of the most important symbols of resistance in Islamic history. During the Mihna he refused to recant despite torture. His al-Musnad is a massive compilation of over 30,000 hadith. The Hanbali school deeply influenced modern Islamic thought through Ibn Taymiyyah and the Wahhabi movement.","30.000+ hadis içeren el-Müsned'i derleyerek İslam'ın en büyük hadis koleksiyonlarından birini oluşturdu. Mihne'ye direnişiyle ulemanın bağımsızlık ilkesini tesis etti.","He compiled al-Musnad with 30,000+ hadith. His resistance to the Mihna established the principle of scholarly independence from state interference.","Bağdat'ta İmam Şâfiî'den usûl-i fıkıh öğrendi; Mihne döneminde Abbâsî baskısına direndi.","İmam Şâfiî → Ahmed b. Hanbel → İbn Teymiyye → İbn Abdülvehhâb → Modern Selefî hareket","Abbâsî halifelerinin Mu'tezilî doktrin dayatmasına karşı direndi; devlet patronajını reddeden bağımsız âlim modelinin simgesi."
"5","İmam Buhârî","Muḥammad b. Ismāʿīl al-Bukhārī","Al-Bukhari","810","870","Buhara","Buhara","39.77","64.42","Hadis","Hadis Derlemesi","83","el-Câmiu's-Sahîh","Sahih al-Bukhari","Kritik","En güvenilir hadis kaynağı; 600.000 hadisten 7.275 seçti","İmam Buhârî, İslam'ın en güvenilir hadis kaynağını derleyen titiz bilgindir. Yaklaşık 600.000 rivayeti inceleyerek 7.275 hadisi sahih kabul etti. Her hadis için râvî zincirini tek tek araştırdı. Bu titizlik hadis ilminde cerh ve ta'dîl metodolojisinin zirvesini temsil eder. Sahîh-i Buhârî, Kur'ân'dan sonra Sünnî İslam'ın en yetkili kaynağı kabul edilir.","Imam al-Bukhari compiled Islam's most trusted hadith source. He examined approximately 600,000 narrations and accepted only 7,275 as sahih. He individually researched the narrator chain for each hadith. Sahih al-Bukhari is considered the most authoritative Sunni source after the Quran.","600.000 rivayetten 7.275 sahih hadisi seçerek İslam'ın en güvenilir hadis külliyatını oluşturdu.","He selected 7,275 authentic hadith from 600,000 narrations, creating Islam's most trusted hadith corpus.","Buhara'da doğup Hicaz, Şam, Mısır ve Irak'ta on altı yıl hadis tahsili yaptı.","Hz. Peygamber → Sahâbe → Tâbiîn → Buhârî → İbn Hacer el-Askalânî → Modern hadis ilmi","Sâmânî emirlerinin topraklarında çalıştı; saraydan bağımsız kalarak siyasi patronajı reddetti."
"6","İmam Müslim","Muslim b. al-Ḥajjāj","Muslim ibn al-Hajjaj","815","875","Nîşâbûr","Nîşâbûr","36.21","58.8","Hadis","Hadis Derlemesi","83","Sahîh-i Müslim","Sahih Muslim","Kritik","İkinci en güvenilir hadis kaynağı","İmam Müslim, Buhârî'den sonra İslam'ın ikinci en güvenilir hadis kaynağını derlemiştir. Sahîh-i Müslim özellikle konularına göre düzenli sınıflandırması ve sened zincirlerinin eksiksiz aktarımıyla ayrışır. İki sahih birlikte 'Sahihayn' olarak İslam'ın en temel referans kaynaklarını oluşturur.","Imam Muslim compiled the second most trusted hadith source after Bukhari. Sahih Muslim is distinguished by its systematic topical classification and complete chain transmission. Together the two form 'al-Sahihayn,' Islam's most fundamental reference sources.","Hadisleri konularına göre sistematik biçimde sınıflandırarak tematik erişimi kolaylaştırdı.","He systematically classified hadith by topic, facilitating thematic access.","Nîşâbûr'da yaşadı; İmam Buhârî'nin öğrencisi olarak hadis metodolojisi öğrendi.","Buhârî → Müslim → İmam Nevevî (şerh) → Sahihayn geleneği","Sâmânî hakimiyet bölgesinde çalıştı; ilmî çevrelerde bağımsız faaliyet gösterdi."
"7","İmam Gazâlî","Abū Ḥāmid al-Ghazālī","Al-Ghazali","1058","1111","Tûs","Bağdat/Nîşâbûr","36.21","58.8","Kelâm/Tasavvuf","Teoloji","91","İhyâʾu Ulûmi'd-Dîn","Ihya Ulum al-Din","Kritik","Hüccetü'l-İslam; felsefe eleştirisi; Eş'arî kelamı ile tasavvufun sentezi","Gazâlî, İslam entelektüel tarihinin en etkili düşünürüdür. Bağdat Nizâmiye'nin en genç müderrisi olarak parlak kariyer yaşarken derin manevi krizle her şeyi bırakıp on yıllık tasavvufî yolculuğa çıktı. İhyâ'u Ulûmi'd-Dîn İslam ilimlerini tasavvuf perspektifinden yeniden yapılandıran devasa ansiklopedidir. Tehâfütü'l-Felâsife ile felsefe geleneğini eleştirirken Eş'arî kelamı ile tasavvufu sentezleyerek Sünnî İslam'ın bugünkü çerçevesini belirledi.","Al-Ghazali was the most influential thinker in Islamic intellectual history. While enjoying a brilliant career at Baghdad's Nizamiyyah, he abandoned everything due to spiritual crisis for a ten-year Sufi journey. His Ihya restructured Islamic sciences from a Sufi perspective. He synthesized Ash'ari theology with Sufism, largely defining today's Sunni intellectual framework.","Tehâfüt ile felsefenin sınırlarını çizerken İhyâ ile İslam ilimlerini tasavvuf merkezli çerçevede yeniden kurdu. Eş'arî kelamı, fıkıh ve tasavvufu tek sistemde birleştirdi.","He delineated philosophy's limits in Tahafut while reconstructing Islamic sciences within a Sufi framework in Ihya. He unified Ash'ari theology, jurisprudence, and Sufism.","Bağdat Nizâmiye Medresesi'nde müderrislik yaptı; ardından Şam, Kudüs ve Mekke'de inzivaya çekildi.","İmam Eş'arî → Cüveynî → Gazâlî → Fahreddin Râzî → Teftâzânî → Osmanlı medrese geleneği","Nizâmülmülk tarafından Nizâmiye'ye müderris atandı; ancak medreseyi bırakarak bağımsız yolunu seçti."
"8","İbn Teymiyye","Taqī al-Dīn Ibn Taymiyya","Ibn Taymiyyah","1263","1328","Harran","Şam","33.51","36.29","Kelâm/Fıkıh","Selefi Düşünce","31","Mecmûʿu'l-Fetâvâ","Majmu al-Fatawa","Kritik","Selefî düşüncenin temeli; modern İslami hareketlere etkisi","İbn Teymiyye, İslam düşünce tarihinin en cesur reformcularından biridir. Moğol istilası sonrası kaos ortamında 'öze dönüş' çağrısıyla felsefecileri, tasavvufçuları ve hâkim kelam ekollerini sert biçimde eleştirdi. Kur'ân ve Sünnet'in doğrudan anlaşılmasını savunarak Selefî hareketlerin entelektüel temelini oluşturdu. Fikirleri yüzünden defalarca hapsedildi ve hapishanede vefat etti.","Ibn Taymiyyah was one of the boldest reformers in Islamic history. In post-Mongol chaos he called for 'return to origins,' sharply criticizing philosophers, Sufis, and dominant theology schools. By advocating direct understanding of Quran and Sunnah, he laid the intellectual foundation for Salafi movements. He was repeatedly imprisoned and died in prison.","Nassların doğrudan anlaşılması metodolojisiyle taklit geleneğini sorgulayarak modern İslam reform hareketlerinin çerçevesini oluşturdu.","He created the intellectual framework for modern Islamic reform movements by questioning the tradition of uncritical following through direct textual understanding.","Moğol sonrası Şam'da, Memlûk Devleti sınırları içinde sürekli çatışma ortamında çalıştı.","Ahmed b. Hanbel → İbn Teymiyye → İbn Kayyim el-Cevziyye → Muhammed b. Abdülvehhâb → Modern Selefîlik","Memlûk sultanlarıyla çatışmalı ilişki yaşadı; fikirleri nedeniyle birçok kez hapsedildi."
"9","el-Hârizmî","Muḥammad b. Mūsā al-Khwārizmī","Al-Khwarizmi","780","850","Hârezm","Bağdat","33.31","44.37","Matematik","Cebir","3","Kitâbu'l-Cebr ve'l-Mukâbele","Al-Jabr","Kritik","Cebirin babası; 'algoritma' ve 'cebir' kelimelerinin kaynağı","Hârizmî, modern matematiğin iki temel kavramını — cebir ve algoritmayı — insanlığa kazandıran bilgindir. Beytü'l-Hikme'de çalışarak Hint rakam sistemini İslam dünyasına tanıttı. Kitâbu'l-Cebr, denklemleri sistematik olarak çözen ilk müstakil matematik kitabıdır. 'Cebir' kelimesi bu kitaptan, 'algoritma' ise Hârizmî'nin Latince transliterasyonundan doğmuştur.","Al-Khwarizmi gave humanity two fundamental concepts of modern mathematics — algebra and the algorithm. Working at the House of Wisdom, he introduced the Hindu numeral system to the Islamic world. His Kitab al-Jabr was the first independent book to systematically solve equations. 'Algebra' comes from this book, 'algorithm' from al-Khwarizmi's Latin transliteration.","Cebiri bağımsız matematik dalı olarak kurdu ve Hint ondalık sayı sistemini İslam dünyasına tanıtarak bilgi teknolojisinin uzak temellerini attı.","He established algebra as an independent discipline and introduced the Hindu decimal system, laying distant foundations of information technology.","Bağdat'taki Beytü'l-Hikme'de Halife Me'mûn'un himayesinde çalıştı.","Hint matematikçileri (Brahmagupta) → el-Hârizmî → Avrupa tercümeleri → Fibonacci → Modern matematik","Abbâsî Halifesi Me'mûn, Hârizmî'yi Beytü'l-Hikme'de görevlendirdi ve araştırmalarını doğrudan destekledi."
"10","İbn Sînâ (Avicenna)","Abū ʿAlī Ibn Sīnā","Avicenna","980","1037","Afşana (Buhara yakını)","İsfahan/Hamedan","32.65","51.68","Tıp/Felsefe","Tıp","82","el-Kānûn fî't-Tıbb","The Canon of Medicine","Kritik","600 yıl Avrupa'da tıp ders kitabı; İslam felsefesinin zirvesi","İbn Sînâ, İslam medeniyetinin en çok yönlü dehasıdır — tıp, felsefe, mantık, fizik ve müzik alanlarında yüzden fazla eser yazdı. el-Kānûn fî't-Tıbb 600 yıldan fazla Avrupa üniversitelerinde ders kitabı olarak okutuldu. Felsefede eş-Şifâ adlı ansiklopedisi Aristoteles metafiziğini İslam teolojisiyle birleştirerek Batı skolastik düşüncesini derinden etkiledi.","Ibn Sina was Islamic civilization's most versatile genius — writing over 100 works on medicine, philosophy, logic, physics and music. The Canon of Medicine served as textbook in European universities for over 600 years. His philosophical encyclopedia al-Shifa integrated Aristotelian metaphysics with Islamic theology, deeply influencing Western scholastic thought.","el-Kānûn ile tıbbı sistematik bilime dönüştürdü; hastalık sınıflandırması, bulaşıcılık kavramı ve farmakolojiyi tek çatı altında topladı.","With the Canon he transformed medicine into a systematic science, consolidating disease classification, contagion concept, and pharmacology.","Büveyhî himayesinde İsfahan ve Hamedan saraylarında çalıştı; siyasi istikrarsızlık nedeniyle sürekli yer değiştirdi.","Aristoteles → el-Kindî → el-Fârâbî → İbn Sînâ → Avrupa Skolastikleri (Albertus Magnus, Thomas Aquinas)","Büveyhî emirlerinin himayesinde çalıştı; saray entrikalarından kaçarak sık sık şehir değiştirmek zorunda kaldı."
"11","İbnü'l-Heysem (Alhazen)","Abū ʿAlī al-Ḥasan Ibn al-Haytham","Alhazen","965","1040","Basra","Kahire","30.04","31.24","Fizik","Optik","27","Kitâbu'l-Menâzır","Book of Optics","Kritik","Modern optiğin babası; bilimsel yöntemin öncüsü","İbnü'l-Heysem, modern optiğin kurucusu ve bilimsel yöntemin en erken savunucularından biridir. Kitâbu'l-Menâzır'da gözden ışın çıkması teorisini deneysel olarak çürüterek ışığın nesnelerden göze geldiğini kanıtladı. Camera obscura deneyleri ve ışığın kırılması üzerine sistematik gözlemleri deneysel bilim metodolojisinin temellerini attı. Eseri Latince çevirisi yoluyla Roger Bacon ve Kepler'i doğrudan etkiledi.","Ibn al-Haytham was the founder of modern optics and earliest advocate of the scientific method. In his Book of Optics he experimentally disproved the emission theory, proving light travels from objects to the eye. His camera obscura experiments and systematic observations on refraction laid foundations of experimental methodology. His work directly influenced Roger Bacon and Kepler.","Eski Yunan'ın emisyon teorisini deneysel olarak çürüterek optiği doğa bilimi haline getirdi. Camera obscura deneyleri modern fizik optiğinin başlangıcıdır.","He experimentally disproved the Greek emission theory, making optics a natural science. His camera obscura experiments mark the beginning of modern physical optics.","Fâtımî Kahire'sinde Halife el-Hâkim'in himayesinde çalıştı; Nil projesi başarısız olunca deliliği taklit ederek hayatta kaldığı rivayet edilir.","Öklid/Ptolemaios optik geleneği → İbnü'l-Heysem → Roger Bacon → Kepler → Modern optik","Fâtımî Halifesi el-Hâkim tarafından Kahire'ye davet edildi; ancak Nil projesi başarısız olunca halifeyle ilişkisi tehlikeli hale geldi."
"12","el-Bîrûnî","Abū Rayḥān al-Bīrūnī","Al-Biruni","973","1048","Kâs (Hârezm)","Gazne","33.55","68.42","Astronomi/Coğrafya","Çok Disiplinli","158","Kitâbu't-Tefhîm","Book of Instruction","Kritik","Hindistan uzmanı; yer çapını hesapladı; karşılaştırmalı din çalışması","Bîrûnî, İslam medeniyetinin en kapsamlı polimathıdır — astronomi, matematik, fizik, coğrafya, tarih ve karşılaştırmalı din çalışmalarında eser vermiştir. Hindistan'ı ilk elden inceleyen Kitâbu't-Tahkîk mâ li'l-Hind, Hint felsefesini tarafsız anlatan ilk karşılaştırmalı kültür çalışmasıdır. Yer çapını trigonometrik yöntemle hesapladığı ölçüm modern değere çok yakındır.","Al-Biruni was Islamic civilization's most comprehensive polymath — producing works in astronomy, mathematics, physics, geography, history, and comparative religion. His Kitab al-Hind was the first comparative cultural study impartially describing Indian philosophy. His trigonometric calculation of Earth's circumference was remarkably close to the modern value.","Hint kültürünü nesnel biçimde anlatan ilk karşılaştırmalı medeniyet çalışmasını yazdı. Trigonometrik yöntemle yer yarıçapını bugünkü değere yakın doğrulukta hesapladı.","He wrote the first objective comparative civilization study. He calculated Earth's radius using trigonometric methods with accuracy close to today's value.","Hârezm'de yetişti, Gazneli Mahmud'un sarayında çalıştı; Hindistan seferlerinde doğrudan gözlem yaptı.","Hint astronomi geleneği + Yunan matematik → Bîrûnî → Merâga Rasathanesi → Osmanlı astronomisi","Gazneli Sultan Mahmud onu Hindistan seferlerine götürdü; zorunlu patronajı benzersiz araştırma deneyimine dönüştürdü."
"13","Câbir b. Hayyân","Jābir b. Ḥayyān","Jabir ibn Hayyan","721","815","Tûs","Kûfe","32.62","44.42","Kimya","Simya/Kimya","3","Kitâbu'l-Kimyâ","Book of Chemistry","Kritik","Modern kimyanın babası; damıtma, kristalizasyon teknikleri","Câbir b. Hayyân, deneysel kimyanın kurucusudur. Eski Yunan'ın spekülatif simya geleneğini sistematik deneylere dayanan bilime dönüştürdü. Damıtma, kristalizasyon, süblimleşme gibi temel laboratuvar tekniklerini geliştirip belgeledi. Hidroklorik asit, nitrik asit ve sodyum hidroksitin keşfi ona atfedilir. Latince eserleri Avrupa kimya geleneğinin doğrudan kaynağıdır.","Jabir ibn Hayyan is considered the founder of experimental chemistry. He transformed speculative Greek alchemy into science based on systematic experiments. He developed and documented fundamental techniques such as distillation, crystallization, and sublimation. Discovery of hydrochloric and nitric acid is attributed to him. His Latin translations became the direct source of European chemistry.","Damıtma, kristalizasyon ve süblimleşme tekniklerini geliştirip belgeleyerek simyayı deneysel bilime dönüştürdü.","He transformed alchemy into experimental science by developing and documenting distillation, crystallization, and sublimation techniques.","Kûfe'de Abbâsî devriminin hemen sonrasında çalıştı; İmam Cafer-i Sâdık'ın öğrencisi olduğu rivayet edilir.","Yunan simya geleneği → Câbir b. Hayyân → er-Râzî → Avrupa simyacıları → Robert Boyle → Modern kimya","Bermekî vezirlerinin himayesinde çalıştığı ve onların düşüşüyle gözden düştüğü rivayet edilir."
"14","Nasîrüddîn Tûsî","Naṣīr al-Dīn al-Ṭūsī","Nasir al-Din al-Tusi","1201","1274","Tûs","Merâga","37.39","46.22","Astronomi/Matematik","Astronomi","133","Tahrîru'l-Mecistî","Tahrir al-Majisti","Kritik","Merâga Rasathanesi; Tûsî çifti; trigonometri; Kopernik'e etki","Nasîrüddîn Tûsî, Moğol yıkımının ortasında İslam biliminin devamlılığını sağlayan olağanüstü bilgin ve diplomatdır. Hülâgü'nün veziri olarak Merâga Rasathanesi'ni kurdu — Müslüman, Hristiyan ve Budist astronomlar birlikte çalıştı. 'Tûsî çifti' mekanizması Ptolemaios'un ekvant problemini çözerek Kopernik'in güneş merkezli modelinde neredeyse aynen kullanıldı.","Nasir al-Din al-Tusi ensured Islamic science's continuity amid Mongol devastation. As Hulagu's vizier he founded Maragha Observatory where Muslim, Christian and Buddhist astronomers worked together. His 'Tusi couple' mechanism solved Ptolemy's equant problem and was used almost identically in Copernicus's heliocentric model.","Tûsî çifti mekanizmasıyla Ptolemaios astronomisinin temel sorununu çözdü ve Kopernik devrimine zemin hazırladı. Merâga'da çok kültürlü bilimsel işbirliği modeli oluşturdu.","He solved Ptolemaic astronomy's fundamental problem with the Tusi couple, preparing ground for Copernicus. He created a multicultural scientific collaboration model at Maragha.","Moğol İlhanlı sarayında Hülâgü Han'ın danışmanı olarak çalıştı; siyasi diplomasiyi bilimsel patronajla birleştirdi.","Ptolemaios → İslam astronomi geleneği → Tûsî → Merâga Okulu → İbn Şâtır → Kopernik","Moğol hükümdarı Hülâgü Han'ın veziri ve bilim danışmanı; Moğol gücünü bilimsel araştırma için seferber etti."
"15","el-Cezerî","Badīʿ al-Zamān al-Jazarī","Al-Jazari","1136","1206","Cizre","Diyarbakır","37.33","40.83","Mühendislik","Mekanik","114","el-Câmiʿ beyne'l-ʿİlm ve'l-ʿAmel","Book of Ingenious Devices","Yüksek","Otomatik makineler; su saatleri; robotik öncüsü","Cezerî, İslam mühendislik geleneğinin en yaratıcı ustasıdır. Artuklu sarayında baş mühendis olarak elli kadar mekanik cihaz tasarladı. Programlanabilir otomata, kamla çalışan su saatleri, krank-biyel mekanizması ve çift etkili emme pompası gibi buluşları endüstri devriminin yüzyıllar önceki habercileridir.","Al-Jazari was the most creative master of Islamic engineering. As chief engineer at the Artuqid court he designed approximately fifty mechanical devices. His programmable automata, cam-operated water clocks, crankshaft mechanisms, and double-acting suction pumps were harbingers of the Industrial Revolution centuries before.","Krank-biyel mekanizması ve programlanabilir otomata tasarlayarak mekanik mühendisliğinin temellerini attı.","He laid foundations of mechanical engineering by designing crankshaft mechanisms and programmable automata.","Artuklu Beyliği'nin Diyarbakır sarayında baş mühendis olarak çalıştı.","Benû Mûsâ kardeşler → el-Cezerî → Avrupa mekanik geleneği → Leonardo da Vinci","Artuklu hükümdarlarının saray mühendisi olarak doğrudan saray patronajı altında üretti."
"16","el-İdrîsî","Muḥammad al-Idrīsī","Al-Idrisi","1100","1165","Sebte (Ceuta)","Palermo","38.12","13.36","Coğrafya","Haritacılık","12","Nüzhetü'l-Müştâk","Tabula Rogeriana","Kritik","Ortaçağın en gelişmiş dünya haritası; Roger II için","İdrîsî, Ortaçağ'ın en büyük coğrafyacısıdır. Sicilya Kralı II. Roger'ın sarayında on beş yıl çalışarak Tabula Rogeriana adlı dünyanın en kapsamlı haritasını hazırladı. Avrupa, Asya ve Afrika'yı o güne kadarki en doğru biçimde tasvir eden eser, Müslüman-Hristiyan entelektüel işbirliğinin olağanüstü örneğidir.","Al-Idrisi was the greatest medieval geographer. Working fifteen years at King Roger II of Sicily's court, he produced the Tabula Rogeriana, the world's most comprehensive map. Depicting Europe, Asia and Africa with unprecedented accuracy, it is an extraordinary example of Muslim-Christian intellectual collaboration.","On beş yıllık çalışmayla Ortaçağ'ın en doğru dünya haritasını üretti. İslam ve Hristiyan coğrafya bilgisini sentezledi.","He produced the most accurate medieval world map through fifteen years of work, synthesizing Islamic and Christian geographical knowledge.","Sicilya'daki Norman sarayında Müslüman-Hristiyan kültürel kaynaşmanın benzersiz ortamında çalıştı.","Ptolemaios Coğrafyası → İslam coğrafya geleneği → el-İdrîsî → Avrupa keşif çağı haritacılığı","Sicilya Kralı II. Roger, İdrîsî'yi sarayına davet ederek harita projesi için tam destek sağladı."
"17","Ömer Hayyâm","ʿUmar Khayyām","Omar Khayyam","1048","1131","Nîşâbûr","İsfahan","32.65","51.68","Matematik/Astronomi","Cebir/Takvim","91","Rubâʿiyyât","Rubaiyat","Kritik","Kübik denklemler; Celâlî takvimi; ünlü rubaileri","Ömer Hayyâm, hem derinlikli matematikçi-astronom hem dünya edebiyatının en ünlü şairlerinden biridir. Matematikte kübik denklemlerin geometrik çözümlerini sistematize etti; astronomide Celâlî takvimi Gregoryen'den daha doğrudur. Rubâîleri FitzGerald'ın çevirisiyle dünya çapında ün kazandı. Şarabı, hayatın geçiciliğini ve felsefi şüpheciliği işleyen rubâîleri İslam edebiyatının en evrensel sesidir.","Omar Khayyam was both a profound mathematician-astronomer and one of world literature's most famous poets. He systematized geometric solutions to cubic equations; his Jalali calendar is more accurate than the Gregorian. His Rubaiyat gained worldwide fame through FitzGerald's translation. His poems exploring wine, transience, and philosophical skepticism made him one of the most universal voices in Islamic literature.","Kübik denklemlerin konik kesitlerle geometrik çözümlerini sistematize etti. Celâlî takvimi 5.000 yılda bir gün sapma gösteren olağanüstü doğrulukta güneş takvimidir.","He systematized geometric solutions of cubic equations using conic sections. The Jalali calendar deviates by only one day in 5,000 years.","Selçuklu sultanı Melikşâh ve vezir Nizâmülmülk'ün İsfahan'daki sarayında rasathane kurarak çalıştı.","Hârizmî → Ömer Hayyâm → Şerefeddîn Tûsî → İslam cebir geleneği","Selçuklu Sultanı Melikşâh ve Vezir Nizâmülmülk takvim reformu için tam destek sağladı."
"18","İbn Haldûn","ʿAbd al-Raḥmān Ibn Khaldūn","Ibn Khaldun","1332","1406","Tunus","Kahire","30.04","31.24","Tarih/Sosyoloji","Tarih Felsefesi","31","Mukaddime","Muqaddimah","Kritik","Sosyolojinin ve tarih felsefesinin kurucusu; asabiyet teorisi","İbn Haldûn, sosyoloji ve tarih felsefesinin kurucusudur. Kuzey Afrika'nın çalkantılı ortamında birçok hükümdarın hizmetinde çalıştıktan sonra inzivaya çekilerek Mukaddime'yi yazdı. 'Asabiyet' teorisi hanedanların yükseliş-çöküş döngüsünü açıklayan ilk sistematik sosyolojik modeldir. Medeniyetlerin biyolojik organizmalar gibi doğup öldüğünü savunarak Vico ve Toynbee'den yüzyıllar önce bu fikirleri ortaya koydu.","Ibn Khaldun is recognized as the founder of sociology and philosophy of history. After serving numerous rulers in turbulent North Africa, he retreated and wrote the Muqaddimah. His 'asabiyyah' theory is the first systematic sociological model explaining dynastic rise-decline cycles. He articulated these ideas centuries before Vico, Montesquieu, and Toynbee.","Asabiyet teorisiyle toplumsal olayları ampirik döngüsel modelle açıklayan ilk sistematik sosyolojik çerçeveyi kurdu. Tarihi rivayetten analitik bilime dönüştürdü.","He established the first systematic sociological framework through his asabiyyah theory. He transformed history from narrative into analytical science.","Tunus, Fas, Endülüs ve Memlûk Kahire'sinde farklı hükümdarların hizmetinde bulunduktan sonra inzivaya çekildi.","İslam tarih yazım geleneği → İbn Haldûn → Kâtip Çelebi → Vico, Montesquieu → Modern sosyoloji","Çeşitli Mağrib hükümdarlarının hizmetinde çalıştı; en büyük eserini patronajdan bağımsız inzivada yazdı."
"19","el-Kindî","Yaʿqūb b. Isḥāq al-Kindī","Al-Kindi","801","873","Kûfe","Bağdat","33.31","44.37","Felsefe","İslam Felsefesi","3","Kitâbu'l-Felsefeti'l-Ûlâ","On First Philosophy","Kritik","İlk İslam filozofu; Yunan felsefesini İslam'a uyarladı","Kindî, İslam'ın ilk filozofu ve Yunan felsefesini İslam düşüncesiyle uzlaştırma projesinin öncüsüdür. Beytü'l-Hikme çevresinde Aristoteles ve Platon'un tercümesini destekledi. Felsefenin vahiyle çelişmediğini, hakikate ulaşmanın alternatif yolu olduğunu savunarak İslam felsefe geleneğinin temelini attı.","Al-Kindi was Islam's first philosopher and pioneer of reconciling Greek philosophy with Islamic thought. Working in the House of Wisdom circle, he supported Arabic translation of Aristotle and Plato. By arguing philosophy doesn't contradict revelation but is an alternative path to truth, he laid the foundation of the Islamic philosophical tradition.","Yunan felsefesinin İslam düşüncesiyle uzlaştırılabileceğini savunan ilk sistematik girişimi gerçekleştirdi. Felsefî terminolojiyi Arapça'ya kazandırdı.","He undertook the first systematic attempt to reconcile Greek philosophy with Islamic thought. He introduced philosophical terminology into Arabic.","Bağdat'taki Beytü'l-Hikme çevresinde Abbâsî halifeleri Me'mûn ve Mu'tasım'ın himayesinde çalıştı.","Aristoteles/Platon → el-Kindî → el-Fârâbî → İbn Sînâ → İbn Rüşd → Avrupa Skolastikleri","Me'mûn ve Mu'tasım'ın doğrudan himayesinde çalıştı; Mütevekkil döneminde gözden düştü."
"20","el-Fârâbî","Abū Naṣr al-Fārābī","Al-Farabi","872","950","Fârâb (Otrar)","Bağdat/Halep","33.31","44.37","Felsefe/Müzik","Siyaset Felsefesi","34","el-Medînetü'l-Fâzıla","The Virtuous City","Kritik","Muallim-i Sânî (İkinci Öğretmen); müzik teorisi; siyaset felsefesi","Fârâbî, 'Muallim-i Sânî' (İkinci Öğretmen) unvanıyla anılan büyük filozoftur. Aristoteles'in mantık ve metafizik sistemini İslam perspektifinden yeniden yorumlayarak el-Medînetü'l-Fâzıla'da ideal devlet teorisini geliştirdi. Müzik teorisinde Kitâbu'l-Mûsîkî el-Kebîr İslam dünyasının en kapsamlı müzikoloji eseridir.","Al-Farabi, the 'Second Teacher' after Aristotle, reinterpreted Aristotle's system from an Islamic perspective and developed ideal state theory in al-Madina al-Fadila. His Kitab al-Musiqi al-Kabir is the Islamic world's most comprehensive musicological work.","Aristoteles mantığını İslam düşüncesine uyarladı ve İslam siyaset felsefesinin temelini attı. Makam sistemini bilimsel olarak açıklayan ilk kapsamlı eseri yazdı.","He adapted Aristotelian logic to Islamic thought and founded Islamic political philosophy. He wrote the first comprehensive work scientifically explaining the maqam system.","Bağdat'ta felsefe eğitimi aldıktan sonra Halep'te Hamdânî emîri Seyfüddevle'nin sarayında çalıştı.","Aristoteles → el-Kindî → el-Fârâbî → İbn Sînâ → İbn Rüşd → Thomas Aquinas","Hamdânî emîri Seyfüddevle'nin Halep sarayında himaye gördü."
"21","İbn Rüşd (Averroes)","Abū al-Walīd Ibn Rushd","Averroes","1126","1198","Kurtuba","Kurtuba/Merakeş","37.88","-4.78","Felsefe/Tıp","Aristotelesçilik","15","Tehâfütü't-Tehâfüt","Incoherence of the Incoherence","Kritik","Aristoteles şârihi; Batı felsefesine derin etki; Averroism akımı","İbn Rüşd, İslam felsefesinin son büyük temsilcisi ve Aristoteles'in en önemli şârihi olarak Batı felsefesini derinden etkilemiştir. Tehâfütü't-Tehâfüt ile felsefenin meşruiyetini savundı. Latince Aristoteles yorumları Avrupa'da 'Averroism' akımını doğurarak Thomas Aquinas'ı doğrudan etkiledi.","Ibn Rushd, the last great Islamic philosopher and most important Aristotelian commentator, deeply influenced Western philosophy. His Tahafut al-Tahafut defended philosophy's legitimacy. His Latin Aristotelian commentaries gave birth to 'Averroism' and directly influenced Thomas Aquinas.","Aristoteles'in en kapsamlı yorumlarını yaparak Antik felsefe mirasını İslam ve Batı dünyasına aktardı.","He produced the most comprehensive Aristotle commentaries, transmitting the ancient philosophical legacy to both Islamic and Western worlds.","Endülüs'te Kurtuba'da kadı ve saray tabibi olarak Muvahhid sultanlarının hizmetinde çalıştı.","Aristoteles → el-Fârâbî → İbn Sînâ → İbn Rüşd → Siger de Brabant → Thomas Aquinas → Batı felsefesi","Muvahhid sultanlarının himayesinde çalıştı; el-Mansûr siyasi baskı altında onu sürgün etti."
"22","Firdevsî","Abū al-Qāsim Firdawsī","Ferdowsi","940","1020","Tûs","Tûs/Gazne","35.28","59.49","Edebiyat","Epik Şiir","158","Şehnâme","Shahnameh","Kritik","Fars epik geleneğinin başyapıtı; 60.000 beyit; İran millî kimliği","Firdevsî, Fars edebiyatının ve İran millî kimliğinin en büyük şairidir. Otuz yıldan fazla emekle yazdığı Şehnâme yaklaşık 60.000 beyitten oluşan dünyanın en uzun epik şiirlerinden biridir. Eserini özellikle Arapça kelimelerden arındırarak saf Farsça yazmayı tercih etmesi İran'ın kültürel bağımsızlığının edebî manifestosu olmuştur.","Ferdowsi was the greatest poet of Persian literature and Iranian national identity. His Shahnameh, composed over thirty years, is one of the world's longest epic poems at approximately 60,000 couplets. His deliberate choice to write in pure Persian avoiding Arabic loanwords became the literary manifesto of Iran's cultural independence.","60.000 beyitlik Şehnâme ile İran millî kimliğinin edebî temelini oluşturdu. Saf Fars dilini muhafaza ederek edebî dil devrimi gerçekleştirdi.","He created the literary foundation of Iranian national identity with the 60,000-couplet Shahnameh. He preserved pure Persian, achieving a literary language revolution.","Sâmânî ve Gazneli dönemlerinde İran kuzeydoğusunda çalıştı; İslam öncesi İran kültürünü yaşatan ortamın ürünüdür.","İran mitoloji geleneği → Firdevsî → Nizâmî Gencevî → Hâfız → Modern İran edebiyatı","Şehnâme'yi Gazneli Sultan Mahmud'a sundu; rivayete göre vaat edilen ödülü alamadı."
"23","Mevlânâ Celâleddîn Rûmî","Jalāl al-Dīn Rūmī","Rumi","1207","1273","Belh","Konya","37.87","32.48","Edebiyat/Tasavvuf","Tasavvuf Şiiri","94","Mesnevî-i Ma'nevî","Masnavi","Kritik","Dünyanın en çok okunan şairlerinden; Mevlevî tarikatının ilham kaynağı","Mevlânâ Rûmî, İslam tasavvuf edebiyatının en evrensel sesidir. Şems-i Tebrîzî ile karşılaşmasının ardından derin manevi dönüşüm yaşadı. 25.000 beyitlik Mesnevî-i Ma'nevî ilahî aşk, insanlık birliği ve hoşgörü etrafında örülen devasa tasavvufî öğreti şiiridir. Bugün dünyanın en çok okunan şiir eserlerinden biridir. Mevlevî tarikatı onun öğretileri etrafında şekillendi.","Rumi was the most universal voice of Islamic Sufi literature. After meeting Shams-i Tabrizi he underwent profound spiritual transformation. The 25,000-couplet Masnavi is a massive mystical teaching poem woven around divine love, human unity, and tolerance. Today it is one of the world's most widely read poetry works. The Mevlevi order formed around his teachings.","Mesnevî ile tasavvufun en derin kavramlarını evrensel şiir diliyle ifade ederek İslam mistisizmini tüm insanlığa açtı.","Through the Masnavi he expressed Sufism's deepest concepts in universal poetic language, opening Islamic mysticism to all humanity.","Anadolu Selçuklu başkenti Konya'da, Moğol baskısından kaçan bilginlerin yoğunlaştığı ortamda yaşadı.","Senâî → Attâr → Mevlânâ → Mevlevî tarikatı → Osmanlı tasavvuf kültürü → Modern dünya edebiyatı","Anadolu Selçuklu sultanlarının himayesinde çalıştı; asıl etkisi manevi otoritesinden kaynaklandı."
"24","Hâfız-ı Şîrâzî","Shams al-Dīn Ḥāfiẓ","Hafez","1315","1390","Şîrâz","Şîrâz","29.59","52.58","Edebiyat","Gazel","103","Dîvân-ı Hâfız","Divan of Hafez","Kritik","Fars gazel geleneğinin zirvesi; İran'da Kur'an'dan sonra en çok okunan kitap","Hâfız, Fars gazel geleneğinin tartışılmaz zirvesidir. Şarap, aşk, mistik sarhoşluk ve toplumsal ikiyüzlülük eleştirisi katmanlarını iç içe geçiren şiirleri sonsuz yorumlanabilirlik sunar. Dîvân-ı Hâfız İran'da Kur'ân'dan sonra en yaygın bulunan ve 'fal açılan' kitaptır.","Hafez is the undisputed summit of the Persian ghazal tradition. His poems interweave layers of wine, love, mystical intoxication, and social criticism, offering infinite interpretability. The Divan of Hafez is Iran's most widely owned book after the Quran, used for bibliomancy.","Fars gazelini biçim ve içerik açısından mükemmelliğe taşıdı. Literal ve mistik anlam katmanlarını birleştiren benzersiz şiir dili yarattı.","He brought the Persian ghazal to perfection in both form and content, creating a unique language combining literal and mystical layers.","Şîrâz'da Muzafferî ve İncû hanedanlarının himayesinde yaşadı.","Sa'dî → Hâfız → Goethe (West-östlicher Divan) → Emerson → Modern dünya şiiri","Muzafferî hanedanının himayesinde çalıştı; patronlarını şiirlerinde ince biçimde eleştirmekten çekinmedi."
"25","Sa'dî-i Şîrâzî","Muṣliḥ al-Dīn Saʿdī","Saadi Shirazi","1210","1291","Şîrâz","Şîrâz","29.59","52.58","Edebiyat","Ahlak Edebiyatı","133","Gülistân; Bostân","Gulistan; Bustan","Kritik","BM binasında şiiri var; 'Âdemoğulları bir vücudun azalarıdır'","Sa'dî, İran ahlak edebiyatının en büyük ustasıdır. Moğol istilası sırasında otuz yıla yakın seyahat ederek deneyimlerini Gülistân ve Bostân'da evrensel insanlık panoramasına dönüştürdü. 'Âdemoğulları bir vücudun azalarıdır' dizesi BM binasını süsler. Sade nesri Fars düzyazısının altın standardıdır.","Sa'di was the greatest master of Iranian moral literature. Traveling nearly thirty years during the Mongol invasion, he transformed experiences into universal panorama in Gulistan and Bustan. His verse 'Human beings are members of a whole' adorns the UN. His plain prose is the gold standard of Persian writing.","Gülistân ve Bostân ile ahlak edebiyatını evrensel insanlık değerleriyle birleştiren klasik formülü yarattı.","He created the classic formula combining moral literature with universal human values in Gulistan and Bustan.","Moğol istilası döneminde İslam dünyasını baştan başa gezerek farklı kültürleri tanıdı.","İran hikmet geleneği → Sa'dî → Hâfız → Osmanlı divan edebiyatı → Goethe","Salgurlu atabeglerinin himayesinde çalıştı; İlhanlı dönemi Şîrâz'ında saygın konuma sahipti."
"26","Ali Şîr Nevâî","ʿAlī Shīr Navāʾī","Ali-Shir Nava'i","1441","1501","Herat","Herat","34.35","62.2","Edebiyat","Çağatay Edebiyatı","144","Hamse","Khamsa","Kritik","Çağatay Türkçesi edebiyatının kurucusu; Türk dilinin savunucusu","Ali Şîr Nevâî, Türk dilinin yüksek edebiyat dili olarak kabul görmesini sağlayan kültürel devrimcidir. Çağatay Türkçesi'nde Hamse'sini yazarak Türkçe'nin Farsça ile eşdeğer edebiyat dili olduğunu kanıtladı. Muhâkemetü'l-Lugateyn'de Türkçe'nin bazı alanlarda Farsça'dan üstün olduğunu savundu.","Ali-Shir Nava'i established the Turkish language as accepted high literature. By writing his Khamsa in Chagatai Turkish he proved Turkish was equal to Persian. In Muhakamat al-Lughatayn he argued Turkish was superior to Persian in certain areas.","Hamse ve eserleriyle Çağatay Türkçesi'ni edebiyat dili olarak sistematize etti. Muhâkemetü'l-Lugateyn ile Türk kültürel kimliğini savunan ilk manifestoyu yazdı.","He systematized Chagatai Turkish as literary language. He wrote the first manifesto defending Turkish cultural identity.","Herat'ta Timurlu sarayında Türk-Fars kültürel sentezinin en parlak döneminde çalıştı.","Yusuf Has Hâcib → Ali Şîr Nevâî → Bâbür → Özbek ve Uygur edebiyatı","Timurlu sultanı Hüseyin Baykara'nın hem yakın dostu hem veziri olarak benzersiz patron-entelektüel ilişkisi yaşadı."
"27","Fuzûlî","Muḥammad b. Süleymān Fuzūlī","Fuzuli","1483","1556","Kerbelâ/Bağdat","Bağdat","33.31","44.37","Edebiyat","Divan Şiiri","130","Leylâ vü Mecnûn","Layla and Majnun","Yüksek","Türkçe, Farsça ve Arapça'da eser veren büyük divan şairi","Fuzûlî, Türkçe, Farsça ve Arapça'da eşit ustalıkla eser veren nadir divan şairlerinden biridir. Leylâ vü Mecnûn mesnevîsi Türk edebiyatının en güçlü aşk hikâyesidir. Samimi acı ve kavuşma arzusu İslam mistisizminin temel temalarını bireysel sesle ifade eder.","Fuzuli was one of the rare Divan poets writing with equal mastery in Turkish, Persian, and Arabic. His Layla and Majnun is the most powerful love story of Turkish literature. Sincere pain and longing express fundamental themes of Islamic mysticism with an individual voice.","Leylâ vü Mecnûn ile Türk mesnevî geleneğinin başyapıtını yazdı. Üç dilde eşit ustalıkla İslam edebî dünyasının çok dilliğini somutlaştırdı.","He wrote the masterpiece of Turkish masnavi tradition. By writing in three languages he embodied the multilingualism of the Islamic literary world.","Osmanlı-Safevî sınır bölgesinde Bağdat ve Kerbelâ'nın çok kültürlü ortamında yaşadı.","Nizâmî Gencevî → Fuzûlî → Nâbî → Osmanlı ve Azerbaycan divan geleneği","Kanuni Sultan Süleyman'a kasideler sundu; vaat edilen patronajı yeterince alamadı."
"28","Yûnus Emre","Yūnus Emre","Yunus Emre","1238","1320","Anadolu","Anadolu","39.7","30.5","Edebiyat/Tasavvuf","Halk Şiiri","","Dîvân; Risâletü'n-Nushiyye","Divan","Kritik","Türk halk edebiyatı ve tasavvuf geleneğinin en büyük şairi","Yûnus Emre, Türk dilinin ve Anadolu halk İslam'ının en derin sesidir. Sade Türkçe ile tasavvufun en derin kavramlarını halkın anlayacağı dile taşıdı. 'Sevelim sevilelim, dünya kimseye kalmaz' felsefesi evrensel insanlık sevgisinin güçlü ifadesidir. UNESCO dünya mirasının parçası kabul edilmiştir.","Yunus Emre is the deepest voice of Turkish language and Anatolian folk Islam. He carried Sufism's deepest concepts into folk language through plain Turkish. His philosophy 'Let us love, be loved; this world remains for no one' powerfully expresses universal human love. Recognized as part of UNESCO world heritage.","Tasavvufun derin kavramlarını sade Türkçe ile halk diline taşıyarak Türk tasavvuf edebiyatını kurdu.","He founded Turkish Sufi literature by carrying Sufism's deep concepts into folk language through plain Turkish.","Anadolu'da Moğol baskısı ve Selçuklu çöküşünün kaos ortamında gezici dervişler çevresinde yetişti.","Ahmed Yesevî → Hacı Bektâş → Yûnus Emre → Anadolu halk tasavvuf geleneği → Âşık edebiyatı","Saray patronajından bağımsız, halk arasında gezen derviş geleneğinin temsilcisiydi."
"29","Ebü'l-Alâ el-Maarrî","Abū al-ʿAlāʾ al-Maʿarrī","Al-Ma'arri","973","1057","Maarra","Maarra/Bağdat","35.66","36.67","Edebiyat","Felsefî Şiir","35","Risâletü'l-Gufrân; Lüzûmiyyât","Epistle of Forgiveness","Yüksek","Kör şair-filozof; Dante'nin İlahi Komedya'sına olası kaynak","Maarrî, İslam edebiyatının en cesur ve bağımsız düşünürlerinden biridir. Çocukluğunda kör olan Maarrî, Lüzûmiyyât'ta toplumsal ikiyüzlülüğü ve dogmatik yaklaşımları sert biçimde eleştirdi. Risâletü'l-Gufrân cennet ve cehennem tasvirleriyle Dante'nin İlahi Komedya'sının olası kaynaklarından biri olarak değerlendirilir.","Al-Ma'arri was one of the boldest thinkers in Islamic literature. Blinded in childhood, he sharply criticized social hypocrisy and dogmatism in Luzumiyyat. His Risalat al-Ghufran with paradise and hell depictions is considered a possible source for Dante's Divine Comedy.","İslam edebiyatında bireysel akıl ve vicdanın otoritesini savunan en cesur sesi oluşturdu. Alegorik gezi edebiyatının öncü eserini yazdı.","He created the boldest voice defending individual reason and conscience in Islamic literature. He wrote the pioneering work of allegorical journey literature.","Suriye'nin Maarra şehrinde ve Bağdat'ta Hamdânî ve Mirdasî dönemlerinde yaşadı.","Arap şiir geleneği → Maarrî → (olası etki) Dante Alighieri → Dünya edebiyatı","Büyük ölçüde Maarra'da münzevi yaşam sürerek patronajdan bağımsız kaldı."
"30","el-Mütenebbî","Abū al-Ṭayyib al-Mutanabbī","Al-Mutanabbi","915","965","Kûfe","Halep","36.2","37.15","Edebiyat","Kasîde","34","Dîvân","Diwan","Kritik","Arap şiirinin en büyük isimlerinden; Seyfüddevle'nin saray şairi","Mütenebbî, Arap şiirinin İslam dönemindeki en büyük ismidir. Kasidelerindeki güçlü dil, cesur imgeler ve övgü ile öz-yüceltme arasındaki denge Arap şiir geleneğinin zirvesini temsil eder. 'Peygamberlik iddia eden' anlamına gelen adı şiirsel dehasına duyduğu özgüveni yansıtır.","Al-Mutanabbi is the greatest name in Arabic poetry of the Islamic era. The powerful language, bold imagery, and balance between praise and self-glorification in his qasidas represent the zenith of Arabic poetic tradition. His name meaning 'he who claims prophethood' reflects confidence in his poetic genius.","Arap kasîde geleneğini dil gücü ve imgelem derinliğiyle zirveye taşıdı.","He brought the Arabic qasida tradition to its zenith with linguistic power and imaginative depth.","Halep'te Hamdânî emîri Seyfüddevle'nin sarayında 10. yüzyıl Arap kültürel rönesansının merkezinde çalıştı.","Câhiliye şiir geleneği → Mütenebbî → Arap şiir kanonunun zirve noktası → Modern Arap şiiri","Hamdânî emîri Seyfüddevle'nin saray şairiydi; ilişkileri bozulunca Mısır'a kaçtı."
"31","Muhyiddîn İbn Arabî","Muḥyī al-Dīn Ibn ʿArabī","Ibn Arabi","1165","1240","Mürsiye (İspanya)","Şam","33.51","36.29","Tasavvuf","Vahdet-i Vücûd","30","el-Fütûhâtü'l-Mekkiyye; Fusûsu'l-Hikem","Meccan Revelations","Kritik","Şeyh-i Ekber; vahdet-i vücûd felsefesi; İslam mistisizminin zirvesi","İbn Arabî, 'Şeyh-i Ekber' unvanıyla İslam tasavvufunun en derin düşünürüdür. 'Vahdet-i vücûd' öğretisiyle İslam metafiziğinin en kapsamlı sistemini kurdu. el-Fütûhât 37 ciltlik devasa ansiklopedi, Fusûsu'l-Hikem her peygamberin temsil ettiği ilahi hikmeti anlatan yoğun eserdir. Fikirleri yüzyıllardır hem derin hayranlık hem şiddetli eleştiri uyandırır.","Ibn Arabi, 'Sheikh al-Akbar,' was the deepest thinker of Islamic Sufism. His 'wahdat al-wujud' teaching established the most comprehensive system of Islamic metaphysics. Al-Futuhat is a 37-volume encyclopedia, Fusus describes divine wisdom represented by each prophet. His ideas have inspired both admiration and criticism for centuries.","Vahdet-i vücûd öğretisiyle İslam metafiziğinin en kapsamlı felsefi çerçevesini kurdu.","He established the most comprehensive philosophical framework of Islamic metaphysics with wahdat al-wujud.","Endülüs'te doğup Mağrib, Mısır, Hicaz ve Anadolu'yu dolaştıktan sonra Eyyûbî Şam'ında yerleşti.","Hallâc-ı Mansûr → İbn Arabî → Sadreddin Konevî → Osmanlı tasavvuf geleneği","Eyyûbî sultanlarından ve Anadolu Selçuklu seçkinlerinden himaye gördü."
"32","Abdülkādir Geylânî","ʿAbd al-Qādir al-Jīlānī","Abdul Qadir Gilani","1078","1166","Gîlân","Bağdat","33.31","44.37","Tasavvuf","Kadiriyye Tarikatı","91","el-Gunye","Al-Ghunya","Kritik","Kadiriyye tarikatının kurucusu; dünyanın en yaygın tarikatlarından","Abdülkādir Geylânî, İslam tarihinin en yaygın tarikatlarından Kadiriyye'nin kurucusudur. Bağdat'taki vaazları binlerce kişiyi çekiyor, 'Gavs-ı Âzam' unvanıyla tanınıyordu. Kadiriyye Batı Afrika'dan Güneydoğu Asya'ya yayılarak en geniş coğrafyaya ulaşan tasavvuf geleneği olmuştur.","Abdul Qadir al-Gilani founded the Qadiriyya, one of Islam's most widespread Sufi orders. His Baghdad sermons attracted thousands; he was known as 'Ghawth al-A'zam.' The Qadiriyya spread from West Africa to Southeast Asia, becoming the widest-reaching Sufi tradition.","Kadiriyye tarikatını kurarak İslam tasavvufunu kurumsal yapıya kavuşturdu ve dünya çapında milyonlara ulaşan manevi gelenek oluşturdu.","He institutionalized Islamic Sufism by founding the Qadiriyya, creating a spiritual tradition reaching millions worldwide.","Bağdat'ta Hanbelî fıkıh eğitimi aldıktan sonra tasavvufa yöneldi; Selçuklu dönemi Bağdat'ında çalıştı.","Cüneyd-i Bağdâdî → Geylânî → Kadiriyye tarikatı → Batı Afrika, Güneydoğu Asya İslam yayılımı","Selçuklu dönemi Bağdat'ında halkın manevi desteğiyle güç kazandı."
"33","Hacı Bektâş-ı Velî","Ḥājī Bektāsh Walī","Haji Bektash Veli","1209","1271","Nîşâbûr","Kırşehir/Hacıbektaş","38.95","34.56","Tasavvuf","Bektaşîlik","94","Makâlât","Maqalat","Yüksek","Bektaşî tarikatının pîri; Anadolu'da İslam'ın yayılmasında kritik rol","Hacı Bektâş-ı Velî, Anadolu'da İslam'ın Türk halk kültürüyle kaynaşmasının en önemli figürüdür. Horasan'dan gelerek İslam'ın hoşgörü ve insan sevgisi mesajını Türkmen toplulukları arasında yaydı. Bektaşîlik Osmanlı yeniçeri ocağının manevi dayanağıydı. Alevi-Bektaşî geleneği bugün Türkiye'nin en önemli inanç geleneklerinden biridir.","Haji Bektash Veli was the most important figure in Islam's fusion with Turkish folk culture in Anatolia. Coming from Khorasan he spread Islam's message of tolerance among Turkmen communities. Bektashism became the spiritual foundation of the Janissary corps. The Alevi-Bektashi tradition continues as one of Turkey's most significant faith traditions.","İslam tasavvufunu Türk göçebe kültürüyle sentezleyerek Anadolu'da İslam'ın halk arasında yayılmasını sağladı.","He enabled Islam's spread among Anatolians by synthesizing Sufism with Turkic nomadic culture.","Moğol istilası sonrası Anadolu'ya göç eden Horasan dervişleri geleneğinin temsilcisidir.","Ahmed Yesevî → Hacı Bektâş → Bektaşî-Yeniçeri geleneği → Alevi-Bektaşî kültürü","Doğrudan saray patronajından çok halk arasında manevi otorite ile etki kurdu."
"34","et-Taberî","Muḥammad b. Jarīr al-Ṭabarī","Al-Tabari","839","923","Âmul (Taberistan)","Bağdat","33.31","44.37","Tarih/Tefsir","İslam Tarihi","3","Târîhu'r-Rusül ve'l-Mülûk","History of Prophets and Kings","Kritik","En kapsamlı İslam tarihi; en önemli Kur'an tefsirlerinden biri","Taberî, İslam tarih yazımı ve Kur'ân tefsirinin kurucu figürüdür. Târîhu'r-Rusül ve'l-Mülûk yaratılıştan 915'e kadar dünya tarihini anlatan İslam'ın en kapsamlı tarih kaynağıdır. Câmiʿu'l-Beyân en eski ve en kapsamlı Kur'ân tefsirlerinden biridir. Titiz kaynak aktarım metodu İslam tarih biliminin temelini oluşturmuştur.","Al-Tabari was the founding figure of Islamic historiography and Quranic exegesis. His History is Islam's most comprehensive historical source covering creation to 915. His Jami al-Bayan is one of the oldest comprehensive Quranic commentaries. His meticulous source citation established Islamic historical science's foundation.","Dünya tarihini sistematik kronolojik anlatıyla İslam perspektifinden yazan ilk kapsamlı tarih eserini oluşturdu.","He created the first comprehensive work narrating world history with systematic chronology from an Islamic perspective.","Taberistan'da doğup Bağdat'a yerleşti; Abbâsî başkentinin zengin kütüphane ve ilim halkalarında çalıştı.","İbn İshak → et-Taberî → İbnü'l-Esîr → İbn Haldûn → Modern İslam tarihçiliği","Abbâsî Bağdat'ında bağımsız âlim olarak çalıştı; doğrudan saray patronajına bağlı olmadan üretti."
"35","İbn Battûta","Muḥammad Ibn Baṭṭūṭa","Ibn Battuta","1304","1369","Tanca","Fas","35.77","-5.8","Coğrafya","Seyahatname","16","Tuhfetü'n-Nüzzâr (Rihle)","The Rihla","Kritik","120.000 km seyahat; 14. yy İslam dünyasının en kapsamlı tanığı","İbn Battûta, tarihte tek başına en çok mesafe kat eden seyyahtır. Tanca'dan çıkarak 120.000 km yol kat ederek Kuzey ve Doğu Afrika, Ortadoğu, Orta Asya, Hindistan, Çin ve Güneydoğu Asya'yı dolaştı. Rihle'si 14. yüzyıl İslam dünyasının gündelik yaşamı, ticaret ağları ve kültürel çeşitliliği hakkında eşsiz birincil kaynaktır.","Ibn Battuta was the individual who traveled the greatest distance in history. Setting out from Tangier covering 120,000 km, he visited North and East Africa, the Middle East, Central Asia, India, China, and Southeast Asia. His Rihla is an unparalleled primary source on the 14th-century Islamic world.","120.000 km'lik seyahatiyle 14. yüzyıl İslam dünyasının en kapsamlı birincil tanıklığını oluşturdu.","With his 120,000 km journey he created the most comprehensive primary witness of the 14th-century Islamic world.","Merînî Fas'ında eğitim gördükten sonra otuz yıla yakın seyahat etti.","İslam seyahat geleneği → İbn Battûta → Evliyâ Çelebi → Modern seyahat edebiyatı","Merînî sultanının emriyle anılarını yazdırdı; farklı ülkelerde çeşitli hükümdarların konuğu oldu."
"36","Mimar Sinan","Mīmār Sinān","Mimar Sinan","1489","1588","Kayseri (Ağırnas)","İstanbul","41.01","28.98","Mimari","Osmanlı Mimarisi","130","Süleymaniye; Selimiye Camileri","Suleymaniye; Selimiye Mosques","Kritik","Osmanlı'nın baş mimarı; 300+ yapı; İslam mimarisinin zirvesi","Mimar Sinan, İslam mimarlık tarihinin en büyük ustası ve Osmanlı'nın baş mimarıdır. Elli yıl boyunca 80+ cami, 55 medrese ve yüzlerce yapı inşa etti. Şehzade'yi çıraklık, Süleymaniye'yi kalfalık, Selimiye'yi ustalık eseri olarak tanımladı. Selimiye'nin 31,3m kubbesi Ayasofya'yı aştı.","Mimar Sinan was the greatest master in Islamic architectural history. Over fifty years he built 80+ mosques, 55 madrasas and hundreds of structures. He described Şehzade as apprenticeship, Süleymaniye as journeyman, Selimiye as masterwork. The Selimiye's 31.3m dome surpassed Hagia Sophia.","300'den fazla yapıyla Osmanlı mimarisini sistematik mühendislik-estetik disiplinine dönüştürdü. Selimiye kubbesiyle İslam kubbe mühendisliğinin zirvesine ulaştı.","He transformed Ottoman architecture into a systematic discipline with 300+ structures. He reached the peak of Islamic dome engineering with the Selimiye.","Osmanlı'nın en güçlü döneminde Kanuni, II. Selim ve III. Murad dönemlerinde baş mimar olarak çalıştı.","Bizans geleneği (Ayasofya) → Mimar Sinan → Sedefkâr Mehmed Ağa → Osmanlı mimari mirası","Kanuni Sultan Süleyman, II. Selim ve III. Murad'ın hassa mimar başı olarak tam devlet desteğiyle çalıştı."
"37","Behzâd","Kamāl al-Dīn Behzād","Behzad","1450","1535","Herat","Herat/Tebriz","34.35","62.2","Sanat","Minyatür","144","Herat minyatürleri","Herat miniatures","Kritik","İslam minyatür sanatının en büyük ustası; Timurlu ve Safevî dönemleri","Behzâd, İslam minyatür sanatının tartışılmaz en büyük ustasıdır. Herat'ta Timurlu sarayında yetişerek insan figürünü doğalcı üslupla, yüz ifadelerindeki duyguyu yakalayarak İslam resim geleneğini dönüştürdü. Mekân derinliği ve renk kullanımındaki yenilikleri minyatürü bağımsız sanat formuna yükseltti.","Behzad was the undisputed greatest master of Islamic miniature painting. Raised at the Timurid court in Herat, he transformed Islamic painting with naturalistic figure depiction capturing emotion in facial expressions. His innovations in spatial depth and color elevated miniature to an independent art form.","Minyatür sanatında doğalcı figür tasvirini geliştirerek İslam resim geleneğini dönüştürdü. Timurlu ve Safevî resim okullarını birbirine bağlayan köprü sanatçıdır.","He transformed Islamic painting by developing naturalistic figure depiction. He is the bridge artist connecting Timurid and Safavid painting schools.","Herat'ta Ali Şîr Nevâî ve Molla Câmî ile aynı entelektüel çevrede yetişti.","Herat minyatür geleneği → Behzâd → Safevî Tebriz okulu → Bâbürlü Hindistan minyatürü","Timurlu Hüseyin Baykara'nın sarayında yetişti; Safevî Şah İsmail tarafından Tebriz'e davet edildi."
"38","Yâkūt el-Müsta'sımî","Yāqūt al-Mustaʿṣimī","Yaqut al-Musta'simi","1221","1298","Bağdat","Bağdat","33.31","44.37","Sanat","Hat Sanatı","3","Altı hat üslubunun geliştirilmesi","Six calligraphic styles","Yüksek","Hat sanatında altı temel üslubun (aklâm-ı sitte) geliştiricisi","Yâkūt el-Müsta'sımî, İslam hat sanatının en etkili reformcusudur. Son Abbâsî halifesinin sarayında altı temel hat üslubunu (aklâm-ı sitte) standartlaştırdı. Kalem açma tekniğini değiştirerek harflere zarafet ve akıcılık kazandırdı. Reformu sonraki tüm İslam hat sanatının — Osmanlı dahil — temelini oluşturdu.","Yaqut al-Musta'simi was the most influential reformer of Islamic calligraphy. At the last Abbasid caliph's court he standardized the six fundamental scripts (aqlam al-sitta). By modifying pen-cutting technique he gave letters elegance and fluidity. His reform formed the foundation of all subsequent Islamic calligraphy.","Aklâm-ı sitte'yi standartlaştırarak İslam hat sanatının evrensel kurallarını belirledi.","He established universal rules of Islamic calligraphy by standardizing the six scripts.","Abbâsî Bağdat'ının son döneminde çalıştı; Moğol istilasına tanık oldu.","İbn Mukle → İbn Bevvâb → Yâkūt → Şeyh Hamdullah → Ahmed Karahisari → Osmanlı hat geleneği","Son Abbâsî halifesi Musta'sım'ın saray hattatıydı."
"39","er-Râzî (Rhazes)","Abū Bakr al-Rāzī","Al-Razi","854","925","Rey","Bağdat","33.31","44.37","Tıp/Kimya","Klinik Tıp","3","el-Hâvî fî't-Tıbb; Kitâbu'l-Cedrî ve'l-Hasbâ","Al-Hawi; Smallpox and Measles","Kritik","Çiçek hastalığı ile kızamığı ilk ayırt eden; klinik gözlemci","Râzî (Rhazes), İslam'ın en büyük klinik tıpçısıdır. Bağdat hastanesinin başhekimi olarak doğrudan hasta gözlemine dayanan tıp anlayışı geliştirdi. Çiçek hastalığı ile kızamığı birbirinden ayırt eden ilk klinisyendir — tıp tarihinde devrimci tanısal başarı. Galen'i eleştirmekten çekinmeyen Râzî, deneyi otorite yerine koyan bilimsel tutumun erken temsilcisidir.","Al-Razi was Islam's greatest clinical physician. As chief physician of Baghdad's hospital he developed medicine based on direct patient observation. He was the first to distinguish smallpox from measles — a revolutionary diagnostic achievement. Unafraid to criticize Galen, he was an early representative of experiment over authority.","Çiçek hastalığı ile kızamığı birbirinden ayırt ederek ayırıcı tanı kavramını tıbba kazandırdı. Deneysel-klinik tıbbın öncüsü oldu.","He introduced differential diagnosis by distinguishing smallpox from measles. He pioneered experimental-clinical medicine.","Bağdat'ta Abbâsî döneminin büyük hastanelerinde başhekim olarak çalıştı.","Galen → er-Râzî → İbn Sînâ → Avrupa tıp fakülteleri → Modern klinik tıp","Abbâsî ve Sâmânî hükümdarlarının hastanelerinde görev yaptı."
"40","İbn Zuhr (Avenzoar)","Abū Marwān Ibn Zuhr","Avenzoar","1091","1161","İşbiliye","İşbiliye","37.38","-5.99","Tıp","Cerrahi","14","Kitâbu't-Teysîr","Book of Simplification","Yüksek","Deneysel cerrahi; trakeotomi ve beslenme tüpünün öncüsü","İbn Zuhr (Avenzoar), Endülüs'ün en büyük klinik tıpçısı ve deneysel cerrahinin öncüsüdür. Tıbbi prosedürleri hayvanlar üzerinde test ettikten sonra insanlara uygulamayı savunarak deneysel cerrahinin temellerini attı. Trakeotomi ve beslenme tüpünün klinik uygulamasını ilk kez tarif etti. İbn Rüşd ile yakın dostluğu tıp-felsefe diyalogunun güzel örneğidir.","Ibn Zuhr (Avenzoar) was al-Andalus's greatest clinical physician and pioneer of experimental surgery. He laid foundations by advocating that procedures be tested on animals before humans. He first described tracheotomy and nutritional tube clinical application. His friendship with Ibn Rushd exemplifies medicine-philosophy dialogue.","Tıbbi prosedürlerin hayvanlar üzerinde test edilmesi ilkesini kurarak deneysel cerrahinin öncüsü oldu.","He pioneered experimental surgery by establishing the principle of testing procedures on animals first.","Endülüs'te İşbiliye'de Murâbıt ve Muvahhid dönemlerinin tıp geleneğinde çalıştı.","er-Râzî → İbn Zuhr → İbn Rüşd (işbirliği) → Avrupa cerrahi geleneği","Murâbıt sultanlarının saray tabibi olarak çalıştı."
"41","İbn Mâce","Muḥammad b. Yazīd Ibn Māja","Ibn Majah","824","887","Kazvin","Kazvin","36.27","50.0","Hadis","Hadis Derlemesi","3","Sünen-i İbn Mâce","Sunan Ibn Majah","Yüksek","Kütüb-i Sitte'nin altıncı kitabı","İbn Mâce, Kütüb-i Sitte'nin altıncı ve son kitabını derleyen hadis bilginidir. Sünen-i İbn Mâce özellikle fıkhî hadislere odaklanmasıyla diğer beş kaynaktan ayrışır. 4.341 hadis içerir ve bir kısmı yalnızca bu koleksiyonda bulunur (zevâid). Kazvin'den Irak, Hicaz, Mısır ve Suriye'ye seyahat ederek hadis topladı.","Ibn Majah compiled the sixth and final book of the Kutub al-Sitta. His Sunan is distinguished by its focus on jurisprudential hadith. It contains 4,341 hadith, some found exclusively in this collection. He traveled from Qazvin to Iraq, Hijaz, Egypt and Syria collecting hadith.","Fıkhî hadislere odaklanan koleksiyonuyla Kütüb-i Sitte'nin altıncı kitabını tamamladı.","He completed the sixth book of Kutub al-Sitta with a collection focused on jurisprudential hadith.","Kazvin'de yaşadı; hadis toplamak için İslam dünyasının merkez şehirlerini dolaştı.","Hadis rivâyet ağı → İbn Mâce → Kütüb-i Sitte → İslam hukuk ve teoloji geleneği","Abbâsî dönemi bağımsız ilim geleneğinde çalıştı; doğrudan saray patronajı almadı."
"42","İmam Mâtürîdî","Abū Manṣūr al-Māturīdī","Al-Maturidi","853","944","Semerkant","Semerkant","39.65","66.96","Kelâm","Mâtürîdî Akaidi","83","Kitâbu't-Tevhîd","Book of Monotheism","Kritik","Sünnî kelamının iki büyük ekolünden birinin kurucusu","İmam Mâtürîdî, Sünnî kelamının iki büyük ekolünden birinin kurucusudur. Akıl ile naklin ilişkisinde aklın rolünü Eş'arî'den daha fazla vurgulayarak rasyonalist çizgi oluşturdu. Allah'ın varlığının akılla ispatlanabileceğini ve aklın dini anlamada zorunlu araç olduğunu savundu. Mâtürîdî kelamı Hanefî mezhebiyle birlikte Türkiye, Orta Asya ve Güney Asya'da yaygındır.","Imam al-Maturidi founded one of Sunni theology's two great schools. He created a rationalist line by emphasizing reason's role more than al-Ash'ari. He argued God's existence can be proven by reason and that reason is essential for understanding religion. Maturidi theology is widespread with the Hanafi school in Turkey, Central Asia and South Asia.","Sünnî kelamda aklın rolünü sistematik olarak temellendirerek Mu'tezile rasyonalizmi ile hadisçi literalizm arasında dengeli orta yol kurdu.","He systematically grounded reason's role in Sunni theology, establishing a balanced path between Mu'tazili rationalism and traditionalist literalism.","Sâmânî dönemi Semerkant'ında Hanefî fıkıh ve Mâverâünnehir ilim geleneğinin merkezinde çalıştı.","Ebû Hanîfe → Mâtürîdî → Pezdevî, Nesefî → Osmanlı kelam geleneği → Modern Türk İslam anlayışı","Sâmânî topraklarında medrese çevresinde bağımsız âlim olarak üretti."
"43","İmam Eş'arî","Abū al-Ḥasan al-Ashʿarī","Al-Ash'ari","874","936","Basra","Bağdat","33.31","44.37","Kelâm","Eş'arî Akaidi","3","el-İbâne","Al-Ibana","Kritik","Eş'arî kelam ekolünün kurucusu; Mu'tezile'den dönüşü","İmam Eş'arî, Sünnî kelamının diğer büyük ekolünün kurucusudur. Başlangıçta Mu'tezile mensubu iken kırk yaşında Sünnî kelamın savunucusu oldu. Mu'tezile'nin rasyonalist yöntemlerini kullanarak geleneksel Sünnî inançları savunma stratejisi — karşı argümanı kendi silahlarıyla yenme — geliştirdi. Eş'arîlik Arap dünyası, Kuzey Afrika ve Güneydoğu Asya'da baskın kelam ekolüdür.","Imam al-Ash'ari founded the other major Sunni theological school. Initially Mu'tazili, he became a Sunni defender at age forty. He developed the strategy of using Mu'tazili rationalist methods to defend traditional Sunni beliefs — defeating the counter-argument with its own weapons. Ash'arism became dominant in the Arab world, North Africa and Southeast Asia.","Mu'tezile rasyonalizminin metodolojik araçlarını Sünnî akidenin savunmasına uyarlayarak kelam ilminin Sünnî çerçevedeki temelini oluşturdu.","He laid Sunni kalam's framework by adapting Mu'tazili rationalist tools to defend Sunni creed.","Basra'da Mu'tezile çevresinde yetiştikten sonra Bağdat'a yerleşti.","Mu'tezile → Eş'arî → Bâkıllânî → Cüveynî → Gazâlî → Fahreddin Râzî → Osmanlı kelamı","Abbâsî Bağdat'ında bağımsız âlim olarak entelektüel temellere dayandı."
"44","İbn Hişâm","ʿAbd al-Malik Ibn Hishām","Ibn Hisham","","833","Basra","Mısır","30.04","31.24","Tarih","Siyer","3","Sîretü'n-Nebeviyye","Life of the Prophet","Kritik","Hz. Peygamber'in en eski biyografisi (İbn İshak'ın eserinin tahkiki)","İbn Hişâm, Hz. Muhammed'in en eski ve en kapsamlı biyografisini düzenleyen tarihçidir. İbn İshak'ın orijinal eserini tahkik ederek Sîretü'n-Nebeviyye'yi standart Peygamber biyografisi haline getirdi. Hz. Muhammed'in doğumundan vefatına tüm hayatını detaylı anlatır. İslam tarih yazımının kurucu metnidir.","Ibn Hisham edited the oldest and most comprehensive biography of Prophet Muhammad. By refining Ibn Ishaq's original work he made the Sira the standard prophetic biography. It narrates Muhammad's entire life in detail. It is the founding text of Islamic historiography.","İbn İshak'ın eserini tahkik ederek İslam'ın en temel biyografik kaynağını oluşturdu.","He created Islam's most fundamental biographical source by editing Ibn Ishaq's work.","Basra'da doğup Mısır'da yaşadı; erken Abbâsî tarih yazım geleneğinde çalıştı.","İbn İshak → İbn Hişâm → et-Taberî → İslam siyer geleneği","Erken Abbâsî dönemi Mısır'ında çalıştı."
"45","İbn Hacer el-Askalânî","Ibn Ḥajar al-ʿAsqalānī","Ibn Hajar al-Asqalani","1372","1449","Kahire","Kahire","30.04","31.24","Hadis","Hadis Şerhi","31","Fethu'l-Bârî","Fath al-Bari","Kritik","Sahîh-i Buhârî'nin en kapsamlı şerhi","İbn Hacer el-Askalânî, hadis ilminin en önemli şârihidir. Fethu'l-Bârî on üç ciltlik Sahîh-i Buhârî şerhidir ve her hadisin dilsel, fıkhî, tarihsel boyutlarını analiz eder. Râvî biyografileri ve hadis terminolojisi eserleri hadis ilminin sistematik disipline dönüşmesini sağladı. Memlûk Kahire'sinde başkadı olarak görev yaptı.","Ibn Hajar al-Asqalani was the most important hadith commentator. His thirteen-volume Fath al-Bari commentary on Sahih al-Bukhari analyzes each hadith's linguistic, jurisprudential, and historical dimensions. His narrator biographies enabled hadith science's transformation into a systematic discipline. He served as chief judge in Mamluk Cairo.","Sahîh-i Buhârî'nin en kapsamlı şerhini yazarak hadis ilminin en önemli referans eserini oluşturdu.","He created the most important reference work of hadith science by writing the most comprehensive Bukhari commentary.","Memlûk dönemi Kahire'sinde hem başkadılık hem müderrislik yaparak ilmî ve kurumsal otoriteyi birleştirdi.","Buhârî → Nevevî → İbn Hacer el-Askalânî → Suyûtî → Modern hadis ilmi","Memlûk Kahire'sinde Şâfiî başkadısı olarak devlet-ulema bağının temsilcisiydi."
"46","Pîrî Reis","Pīrī Reʾīs","Piri Reis","1465","1553","Gelibolu","İstanbul","41.01","28.98","Coğrafya","Haritacılık","130","Kitâb-ı Bahriyye; Dünya Haritası","Book of Navigation","Kritik","1513 dünya haritası; Amerika kıyılarını gösteren en eski haritalardan","Pîrî Reis, Osmanlı denizciliğinin en önemli haritacısıdır. 1513 dünya haritası Amerika kıtasının doğu kıyılarını gösteren en eski haritalardan biri olarak kartografya tarihinde benzersiz yere sahiptir. Kolomb'un kayıp haritalarını kaynak olarak kullandığını iddia etti. Kitâb-ı Bahriyye Akdeniz'in detaylı kıyı haritalarını derler.","Piri Reis was the most important cartographer of Ottoman maritime history. His 1513 world map is one of the earliest showing America's eastern coastline. He claimed to have used Columbus's lost maps as sources. His Kitab-i Bahriye compiles detailed Mediterranean coastal maps.","1513 dünya haritasıyla Amerika kıyılarını gösteren en erken kaynaklardan birini üretti.","He produced one of the earliest sources showing American coastlines with his 1513 world map.","Osmanlı donanmasında kaptan olarak deneyimlerini kartografik bilgiyle birleştirdi.","Portekiz-İspanyol keşif haritaları → Pîrî Reis → Osmanlı kartografya → Kâtip Çelebi","Osmanlı donanmasında kaptan olarak görev yaptı; haritalarını sultanların dikkatine sundu."
"47","Kâtip Çelebi","Kātib Chelebī (Ḥājī Khalīfa)","Katip Celebi","1609","1657","İstanbul","İstanbul","41.01","28.98","Bibliyografya/Coğrafya","Ansiklopedi","130","Keşfü'z-Zunûn; Cihannümâ","Kashf al-Zunun","Yüksek","15.000 eserin bibliyografyası; Osmanlı ansiklopedik geleneği","Kâtip Çelebi (Hacı Halîfe), Osmanlı'nın en kapsamlı ansiklopedik bilginidir. Keşfü'z-Zunûn 15.000+ İslam eserinin bibliyografyasını derleyerek en büyük kitap kataloğunu oluşturdu. Cihannümâ en kapsamlı Osmanlı dünya coğrafyası eseridir. Batı bilimsel eserleriyle İslam geleneğini sentezlemeyi savunan ilk Osmanlı düşünürlerinden biridir.","Katip Celebi was the most comprehensively encyclopedic Ottoman scholar. His Kashf al-Zunun compiled bibliography of 15,000+ Islamic works. His Cihannuma is the most comprehensive Ottoman world geography. He was among the first Ottoman thinkers advocating synthesis of Western scientific works with Islamic tradition.","15.000+ eserin bibliyografyasıyla İslam dünyasının en büyük kitap kataloğunu oluşturdu.","He created the Islamic world's largest book catalog with bibliography of 15,000+ works.","İstanbul'da Osmanlı bürokratı ve âlimi olarak çalıştı; Batı kaynaklarına erken ilgi gösterdi.","İslam bibliyografya geleneği → Kâtip Çelebi → Osmanlı modernleşme düşüncesi","Osmanlı devlet hizmetinde çalışarak bürokratik kariyerini bilimsel üretimle birleştirdi."
"48","Evliyâ Çelebi","Evliyā Chelebī","Evliya Celebi","1611","1682","İstanbul","İstanbul (seyahat)","41.01","28.98","Edebiyat/Coğrafya","Seyahatname","130","Seyahatnâme (10 cilt)","Book of Travels","Kritik","Osmanlı coğrafyasının en kapsamlı tanığı; 10 ciltlik başyapıt","Evliyâ Çelebi, Osmanlı coğrafyasının en kapsamlı tanığıdır. On ciltlik Seyahatnâme'de kırk yılı aşan seyahatlerinin detaylı anlatımını sunar. Osmanlı İmparatorluğu'nun hemen her köşesini ve komşu ülkeleri gezerek şehirlerin mimarisi, halkın yaşam biçimi, yerel gelenekler ve dilleri canlı üslupla kaydetti. Eseri 17. yüzyıl Osmanlı dünyasının en zengin etnografik kaynağıdır.","Evliya Celebi was the most comprehensive witness of Ottoman geography. In his ten-volume Seyahatname he presents detailed accounts of over forty years of travel. He visited nearly every corner of the Ottoman Empire and neighboring countries, recording architecture, daily life, customs and languages in vivid style. His work is the richest ethnographic source of the 17th-century Ottoman world.","10 ciltlik Seyahatnâme ile 17. yüzyıl Osmanlı dünyasının en kapsamlı ve canlı tanıklığını oluşturdu.","He created the most comprehensive and vivid witness account of the 17th-century Ottoman world with his ten-volume Seyahatname.","İstanbul'da yetişti; Osmanlı devlet adamlarıyla bağlantıları seyahatlerini kolaylaştırdı.","İbn Battûta → Evliyâ Çelebi → Modern seyahat edebiyatı ve Osmanlı sosyal tarihi","Çeşitli Osmanlı paşalarının maiyetinde seyahat etti; doğrudan sultanların desteğini de aldı."
"49","İbn Nefîs","ʿAlāʾ al-Dīn Ibn al-Nafīs","Ibn al-Nafis","1213","1288","Şam","Kahire","30.04","31.24","Tıp","Anatomi","30","Şerhu Teşrîhi'l-Kānûn","Commentary on Anatomy of Canon","Kritik","Küçük kan dolaşımını Harvey'den 300 yıl önce keşfetti","İbn Nefîs, küçük kan dolaşımını William Harvey'den 300 yıl önce keşfeden dahidir. Galen'in kalbin septumunda gözle görülmeyen deliklerden kan geçtiği teorisini reddederek kanın sağ ventrikülden akciğerlere gittiğini ve orada havayla temizlenip sol ventriküle döndüğünü tarif etti. Bu keşif modern kardiyolojinin en erken habercisidir.","Ibn al-Nafis was the genius who discovered pulmonary circulation 300 years before William Harvey. Rejecting Galen's theory that blood passes through invisible pores in the heart's septum, he described blood traveling from the right ventricle to the lungs for purification before returning to the left ventricle. This discovery was the earliest herald of modern cardiology.","Galen'in kalp septumu teorisini reddederek pulmoner kan dolaşımını ilk kez doğru biçimde tarif etti.","He first correctly described pulmonary circulation by rejecting Galen's septum theory.","Şam'da eğitim gördükten sonra Memlûk Kahire'sinde tıp pratiği yaptı; Eyyûbî ve Memlûk hastanelerinde çalıştı.","Galen → İbn Sînâ → İbn Nefîs → (olası etki) Miguel Servet → Harvey → Modern kardiyoloji","Memlûk Kahire'sinde Mansûrî Hastanesi'nde başhekim olarak görev yaptı."
